{"average reward team 1": -117.53931800943924, "average reward team 2": -72.33611524395118, "loss_t1 (total)": -6626.3896484375, "loss_t1 (clip)": 110.0092544555664, "loss_t1 (vf)": 13473.0244140625, "loss_t1 (entropy bonus)": 0.22675788402557373, "loss_t2 (total)": -10343.80859375, "loss_t2 (clip)": -136.14552307128906, "loss_t2 (vf)": 20417.333984375, "loss_t2 (entropy bonus)": 2.0076727867126465, "_timestamp": 1678394137.2727652, "_runtime": 571.6780800819397, "_step": 63, "_wandb": {"runtime": 579}}