{"average reward team 1": -90.49602371395066, "average reward team 2": -88.63644316349158, "loss_t1 (total)": 1.081773281097412, "loss_t1 (clip)": 0.045427288860082626, "loss_t1 (vf)": 1.0409489870071411, "loss_t1 (entropy bonus)": 2.0772950649261475, "loss_t2 (total)": 1.1982433795928955, "loss_t2 (clip)": 0.14403696358203888, "loss_t2 (vf)": 1.024121880531311, "loss_t2 (entropy bonus)": 2.0783283710479736, "_timestamp": 1678306165.468645, "_runtime": 47.61520218849182, "_step": 5, "_wandb": {"runtime": 48}}