{"average reward team 1": -90.3323591749838, "average reward team 2": -90.3323591749838, "loss_t1 (total)": -69295.46875, "loss_t1 (clip)": -260.613525390625, "loss_t1 (vf)": 69034.8515625, "loss_t1 (entropy bonus)": 1.1220322448934894e-05, "loss_t2 (total)": -44865.19921875, "loss_t2 (clip)": -209.65541076660156, "loss_t2 (vf)": 44655.54296875, "loss_t2 (entropy bonus)": 4.347975118434988e-05, "_timestamp": 1678266084.62666, "_runtime": 643.0668561458588, "_step": 197, "_wandb": {"runtime": 643}}