{"average reward team 1": -80.57847355682998, "average reward team 2": -99.89116708077452, "loss_t1 (total)": -15.549235343933105, "loss_t1 (clip)": 4.532827377319336, "loss_t1 (vf)": 21.70620346069336, "loss_t1 (entropy bonus)": 1.6241406202316284, "loss_t2 (total)": -27.427854537963867, "loss_t2 (clip)": 5.725494384765625, "loss_t2 (vf)": 33.92085647583008, "loss_t2 (entropy bonus)": 0.7675067186355591, "_timestamp": 1678264214.1844642, "_runtime": 378.18166422843933, "_step": 99, "_wandb": {"runtime": 377}}