{"average reward team 1": -90.3323591749838, "average reward team 2": -90.3323591749838, "loss_t1 (total)": -20.421695709228516, "loss_t1 (clip)": -4.117257118225098, "loss_t1 (vf)": 18.05608558654785, "loss_t1 (entropy bonus)": 1.7516484260559082, "loss_t2 (total)": -28.78192138671875, "loss_t2 (clip)": -4.958172798156738, "loss_t2 (vf)": 25.65703773498535, "loss_t2 (entropy bonus)": 1.8332910537719727, "_timestamp": 1678265165.4267228, "_runtime": 316.54712677001953, "_step": 99, "_wandb": {"runtime": 315}}