{"average reward team 1": -95.1660156305613, "average reward team 2": -95.1660156305613, "loss_t1 (total)": -50270208.0, "loss_t1 (clip)": 7044.97119140625, "loss_t1 (vf)": 50277252.0, "loss_t1 (entropy bonus)": 1.6109191179275513, "loss_t2 (total)": -101291552.0, "loss_t2 (clip)": 10022.541015625, "loss_t2 (vf)": 101301576.0, "loss_t2 (entropy bonus)": 1.5084197521209717, "_timestamp": 1678432857.3171241, "_runtime": 1861.7543730735779, "_step": 299, "_wandb": {"runtime": 1860}}