{"average reward team 1": -90.3323591749838, "average reward team 2": -90.3323591749838, "loss_t1 (total)": 0.9733349084854126, "loss_t1 (clip)": -0.01725485920906067, "loss_t1 (vf)": 0.9891030788421631, "loss_t1 (entropy bonus)": 0.0014866605633869767, "loss_t2 (total)": 0.9473857283592224, "loss_t2 (clip)": 0.007320379838347435, "loss_t2 (vf)": 0.9385603070259094, "loss_t2 (entropy bonus)": 0.0015050325309857726, "_timestamp": 1678391449.5650597, "_runtime": 719.5033905506134, "_step": 100, "_wandb": {"runtime": 719}}