{"average reward team 1": -71.32068704229691, "average reward team 2": -107.45441332138009, "loss_t1 (total)": 1.2384300231933594, "loss_t1 (clip)": 0.2950975298881531, "loss_t1 (vf)": 1.1293447017669678, "loss_t1 (entropy bonus)": 2.0726771354675293, "loss_t2 (total)": 0.07332980632781982, "loss_t2 (clip)": -0.5958869457244873, "loss_t2 (vf)": 1.3808525800704956, "loss_t2 (entropy bonus)": 2.0500693321228027, "_timestamp": 1678307008.872528, "_runtime": 297.79223108291626, "_step": 41, "_wandb": {"runtime": 301}}