{"average reward team 1": -74.68369949592832, "average reward team 2": -104.15920066894873, "loss_t1 (total)": 1.2025887966156006, "loss_t1 (clip)": 0.11811710149049759, "loss_t1 (vf)": 0.9901183247566223, "loss_t1 (entropy bonus)": 2.074589967727661, "loss_t2 (total)": 1.275998830795288, "loss_t2 (clip)": 0.28636646270751953, "loss_t2 (vf)": 1.0876379013061523, "loss_t2 (entropy bonus)": 2.077270269393921, "_timestamp": 1678263811.6053689, "_runtime": 68.1077778339386, "_step": 19, "_wandb": {"runtime": 70}}