{"average reward team 1": -90.3323591749838, "average reward team 2": -90.3323591749838, "loss_t1 (total)": -16.65278434753418, "loss_t1 (clip)": 4.566895008087158, "loss_t1 (vf)": 21.921249389648438, "loss_t1 (entropy bonus)": 0.7015714049339294, "loss_t2 (total)": -14.887404441833496, "loss_t2 (clip)": 4.3456315994262695, "loss_t2 (vf)": 19.939241409301758, "loss_t2 (entropy bonus)": 0.7062051892280579, "_timestamp": 1678221032.0461783, "_runtime": 664.9614124298096, "_step": 99, "_wandb": {"runtime": 663}}