{"average reward team 1": -107.99772152970336, "average reward team 2": -72.30647922118833, "loss_t1 (total)": 1.2241239547729492, "loss_t1 (clip)": -0.00621908949688077, "loss_t1 (vf)": 0.9537928700447083, "loss_t1 (entropy bonus)": 0.2765502333641052, "loss_t2 (total)": 2.0516357421875, "loss_t2 (clip)": -0.026145238429307938, "loss_t2 (vf)": 0.9381831884384155, "loss_t2 (entropy bonus)": 1.139597773551941, "_timestamp": 1678307366.0405762, "_runtime": 293.89396810531616, "_step": 99, "_wandb": {"runtime": 293}}